{
	"run": [
		{
			"filePath": "/Zsample1/webapp/test/flpSandbox.html",
			"previewMode": 1,
			"dataMode": 1,
			"workspace": "withoutWorkspace",
			"urlParameters": [
				{
					"paramName": "",
					"paramValue": "",
					"paramActive": false
				},
				{
					"paramName": "",
					"paramValue": "",
					"paramActive": false
				}
			],
			"hashParameter": "Sample1-display",
			"ui5ActiveVersion": "snapshot",
			"ui5VerSource": null,
			"isDefaultVersion": 1,
			"_metadata": {
				"id": "3581907",
				"runnerId": "webapprunner",
				"displayName": "App in FLP Sandbox"
			}
		},
		{
			"filePath": "/Zsample1/webapp/test/flpSandboxMockServer.html",
			"previewMode": 1,
			"dataMode": 1,
			"workspace": "withoutWorkspace",
			"urlParameters": [
				{
					"paramName": "",
					"paramValue": "",
					"paramActive": false
				},
				{
					"paramName": "",
					"paramValue": "",
					"paramActive": false
				}
			],
			"hashParameter": "Sample1-display",
			"ui5ActiveVersion": "snapshot",
			"ui5VerSource": null,
			"isDefaultVersion": 1,
			"_metadata": {
				"id": "4427578",
				"runnerId": "webapprunner",
				"displayName": "App in FLP Sandbox (Mock Server)"
			}
		},
		{
			"filePath": "/Zsample1/webapp/test/unit/unitTests.qunit.html",
			"previewMode": 1,
			"dataMode": 1,
			"workspace": "withoutWorkspace",
			"ui5ActiveVersion": "snapshot",
			"ui5VerSource": null,
			"isDefaultVersion": 1,
			"urlParameters": [
				{
					"paramName": "",
					"paramValue": "",
					"paramActive": false
				},
				{
					"paramName": "",
					"paramValue": "",
					"paramActive": false
				}
			],
			"_metadata": {
				"id": "535710",
				"runnerId": "webapprunner",
				"displayName": "Unit Tests"
			}
		},
		{
			"filePath": "/Zsample1/webapp/test/integration/opaTests.qunit.html",
			"previewMode": 1,
			"dataMode": 1,
			"workspace": "withoutWorkspace",
			"ui5ActiveVersion": "snapshot",
			"ui5VerSource": null,
			"isDefaultVersion": 1,
			"urlParameters": [
				{
					"paramName": "",
					"paramValue": "",
					"paramActive": false
				},
				{
					"paramName": "",
					"paramValue": "",
					"paramActive": false
				}
			],
			"hashParameter": "",
			"_metadata": {
				"id": "9577848",
				"runnerId": "webapprunner",
				"displayName": "OPA Tests"
			}
		},
		{
			"filePath": "/Zsample1/webapp/test/testsuite.qunit.html",
			"previewMode": 1,
			"dataMode": 1,
			"workspace": "withoutWorkspace",
			"ui5ActiveVersion": "snapshot",
			"ui5VerSource": null,
			"isDefaultVersion": 1,
			"urlParameters": [
				{
					"paramName": "",
					"paramValue": "",
					"paramActive": false
				},
				{
					"paramName": "",
					"paramValue": "",
					"paramActive": false
				}
			],
			"hashParameter": "",
			"_metadata": {
				"id": "5491956",
				"runnerId": "webapprunner",
				"displayName": "Test Suite (Unit, OPA)"
			}
		},
		{
			"filePath": "/Zsample1/webapp/Component.js",
			"previewMode": 1,
			"dataMode": 1,
			"workspace": "withoutWorkspace",
			"ui5ActiveVersion": "snapshot",
			"ui5VerSource": null,
			"isDefaultVersion": 1,
			"urlParameters": [
				{
					"paramName": "",
					"paramValue": "",
					"paramActive": false
				},
				{
					"paramName": "",
					"paramValue": "",
					"paramActive": false
				}
			],
			"hashParameter": "",
			"_metadata": {
				"id": "9223477",
				"runnerId": "fiorirunner",
				"displayName": "App as Fiori Component"
			}
		}
	]
}